{
    "venue": "mappedin-demo-contact-monitoring",
    "totalDevices": 40,
    "floorBounds": [0,0],
    "boundingBox":  [
        [
            -80.53543484661462,
            43.48275435214624
        ],
        [
            -80.53543484393934,
            43.48275434819829
        ],
        [
            -80.53548047892247,
            43.482737951928584
        ],
        [
            -80.53548141059011,
            43.48273932680153
        ],
        [
            -80.53549734335085,
            43.48273360228675
        ],
        [
            -80.53549893247009,
            43.482735947367736
        ],
        [
            -80.53575822555382,
            43.48264278495022
        ],
        [
            -80.53576202107055,
            43.48264839470595
        ],
        [
            -80.53577092011776,
            43.482661527039994
        ],
        [
            -80.53577436395956,
            43.48266660041413
        ],
        [
            -80.53578065192285,
            43.48266434117634
        ],
        [
            -80.53585986236344,
            43.482781231790966
        ],
        [
            -80.5358598596525,
            43.482781232764985
        ],
        [
            -80.53585986065576,
            43.48278123424546
        ],
        [
            -80.53585499998125,
            43.48278298066545
        ],
        [
            -80.53597101313184,
            43.482954180034525
        ],
        [
            -80.53597954576172,
            43.48295111429414
        ],
        [
            -80.53597954709937,
            43.48295111626811
        ],
        [
            -80.53597954777712,
            43.4829511160246
        ],
        [
            -80.53602552330229,
            43.48301896130122
        ],
        [
            -80.53603387905066,
            43.48301595911195
        ],
        [
            -80.53607703354189,
            43.4830796412696
        ],
        [
            -80.53609657051247,
            43.48307262170358
        ],
        [
            -80.53612651526677,
            43.48311681042603
        ],
        [
            -80.53612650442305,
            43.48311681432214
        ],
        [
            -80.53612650810166,
            43.48311681975054
        ],
        [
            -80.53609077603218,
            43.483129658158035
        ],
        [
            -80.53609077235359,
            43.483129652729616
        ],
        [
            -80.53609076828718,
            43.48312965419066
        ],
        [
            -80.53607055041145,
            43.48309981916087
        ],
        [
            -80.53604017687027,
            43.48311072673075
        ],
        [
            -80.53586708011242,
            43.48317292500169
        ],
        [
            -80.53586707710267,
            43.48317292056025
        ],
        [
            -80.53586699238598,
            43.483172950998416
        ],
        [
            -80.53567295776384,
            43.48288661570578
        ],
        [
            -80.53559547678607,
            43.48291445405348
        ],
        [
            -80.53549565158447,
            43.482767141361585
        ],
        [
            -80.53545359025868,
            43.48278225364651
        ],
        [
            -80.53543471513487,
            43.48275439938578
        ],
        [
            -80.53543484661462,
            43.48275435214624
        ]
    ]
}
